client_code,product,benefit_est_KZT,reason_code,explain
1,fx_offer,42986.41,FX_ACTIVITY,FX/переводы: 8 597 281 ₸ → потенциальная экономия на комиссиях ≈ 42 986 ₸
1,credit_offer,26269.14,LARGE_PAYMENTS,"Оборот: 2 626 914 ₸, средний чек: 8 756 ₸ → ожидаемая выгода от кредитного продукта ≈ 26 269 ₸"
1,travel_card,20000.0,HIGH_TRAVEL_SPEND|TAXI_PRESENT,Траты на поездки: 642 041 ₸. Оценимый кешбэк ≈ 20 000 ₸
1,supermarket_card,19358.01,HIGH_SUPERMARKET,Траты на продукты: 645 267 ₸ → выгода ≈ 19 358 ₸
1,restaurants_card,10375.15,HIGH_RESTAURANTS,Траты в ресторанах: 518 758 ₸ → выгода ≈ 10 375 ₸
1,taxi_card,6975.6,HIGH_TAXI,По такси: 232 520 ₸ → выгода ≈ 6 976 ₸
1,deposit,926.43,DEPOSIT_OPPORTUNITY,"Если положить 92 643 ₸ на депозит (12% годовых), месячная выручка ≈ 926 ₸"
1,premium_card,0.0,NO_SIGNAL,Средний баланс: 92 643 ₸ → оценка выгоды ≈ 0 ₸
1,investment_offer,0.0,LOW_BALANCE,Слишком мал баланс для инвестиционных продуктов
1,gold_offer,0.0,NO_SIGNAL,Нет трат на ювелирку
2,fx_offer,41411.62,FX_ACTIVITY,FX/переводы: 8 282 324 ₸ → потенциальная экономия на комиссиях ≈ 41 412 ₸
2,credit_offer,26232.72,LARGE_PAYMENTS,"Оборот: 2 623 272 ₸, средний чек: 8 744 ₸ → ожидаемая выгода от кредитного продукта ≈ 26 233 ₸"
2,supermarket_card,25788.81,HIGH_SUPERMARKET,Траты на продукты: 859 627 ₸ → выгода ≈ 25 789 ₸
2,travel_card,17515.76,HIGH_TRAVEL_SPEND|TAXI_PRESENT,Траты на поездки: 437 894 ₸. Оценимый кешбэк ≈ 17 516 ₸
2,deposit,15770.73,DEPOSIT_OPPORTUNITY,"Если положить 1 577 073 ₸ на депозит (12% годовых), месячная выручка ≈ 15 771 ₸"
2,restaurants_card,10287.4,HIGH_RESTAURANTS,Траты в ресторанах: 514 370 ₸ → выгода ≈ 10 287 ₸
2,taxi_card,6447.58,HIGH_TAXI,По такси: 214 919 ₸ → выгода ≈ 6 448 ₸
2,investment_offer,3942.68,INVEST_OPPORTUNITY,Средний баланс: 1 577 073 ₸ → месячная оценочная доходность инвестиций ≈ 3 943 ₸
2,premium_card,3577.07,HIGH_BALANCE,Средний баланс: 1 577 073 ₸ → оценка выгоды ≈ 3 577 ₸
2,gold_offer,0.0,NO_SIGNAL,Нет трат на ювелирку
3,fx_offer,21088.53,FX_ACTIVITY,FX/переводы: 4 217 706 ₸ → потенциальная экономия на комиссиях ≈ 21 089 ₸
3,credit_offer,16372.65,LARGE_PAYMENTS,"Оборот: 1 637 265 ₸, средний чек: 5 458 ₸ → ожидаемая выгода от кредитного продукта ≈ 16 373 ₸"
3,supermarket_card,13589.72,HIGH_SUPERMARKET,Траты на продукты: 452 991 ₸ → выгода ≈ 13 590 ₸
3,travel_card,7997.37,HIGH_TRAVEL_SPEND|TAXI_PRESENT,Траты на поездки: 199 934 ₸. Оценимый кешбэк ≈ 7 997 ₸
3,restaurants_card,6239.6,HIGH_RESTAURANTS,Траты в ресторанах: 311 980 ₸ → выгода ≈ 6 240 ₸
3,taxi_card,5969.97,HIGH_TAXI,По такси: 198 999 ₸ → выгода ≈ 5 970 ₸
3,deposit,631.16,DEPOSIT_OPPORTUNITY,"Если положить 63 116 ₸ на депозит (12% годовых), месячная выручка ≈ 631 ₸"
3,premium_card,0.0,NO_SIGNAL,Средний баланс: 63 116 ₸ → оценка выгоды ≈ 0 ₸
3,investment_offer,0.0,LOW_BALANCE,Слишком мал баланс для инвестиционных продуктов
3,gold_offer,0.0,NO_SIGNAL,Нет трат на ювелирку
4,fx_offer,39453.09,FX_ACTIVITY,FX/переводы: 7 890 618 ₸ → потенциальная экономия на комиссиях ≈ 39 453 ₸
4,credit_offer,25409.93,LARGE_PAYMENTS,"Оборот: 2 540 993 ₸, средний чек: 8 470 ₸ → ожидаемая выгода от кредитного продукта ≈ 25 410 ₸"
4,travel_card,20000.0,HIGH_TRAVEL_SPEND|TAXI_PRESENT,Траты на поездки: 614 125 ₸. Оценимый кешбэк ≈ 20 000 ₸
4,supermarket_card,19380.21,HIGH_SUPERMARKET,Траты на продукты: 646 007 ₸ → выгода ≈ 19 380 ₸
4,restaurants_card,10457.91,HIGH_RESTAURANTS,Траты в ресторанах: 522 895 ₸ → выгода ≈ 10 458 ₸
4,taxi_card,7423.29,HIGH_TAXI,По такси: 247 443 ₸ → выгода ≈ 7 423 ₸
4,deposit,833.51,DEPOSIT_OPPORTUNITY,"Если положить 83 351 ₸ на депозит (12% годовых), месячная выручка ≈ 834 ₸"
4,premium_card,0.0,NO_SIGNAL,Средний баланс: 83 351 ₸ → оценка выгоды ≈ 0 ₸
4,investment_offer,0.0,LOW_BALANCE,Слишком мал баланс для инвестиционных продуктов
4,gold_offer,0.0,NO_SIGNAL,Нет трат на ювелирку
5,fx_offer,39733.24,FX_ACTIVITY,FX/переводы: 7 946 647 ₸ → потенциальная экономия на комиссиях ≈ 39 733 ₸
5,credit_offer,27036.71,LARGE_PAYMENTS,"Оборот: 2 703 671 ₸, средний чек: 9 012 ₸ → ожидаемая выгода от кредитного продукта ≈ 27 037 ₸"
5,supermarket_card,21287.95,HIGH_SUPERMARKET,Траты на продукты: 709 598 ₸ → выгода ≈ 21 288 ₸
5,travel_card,20000.0,HIGH_TRAVEL_SPEND|TAXI_PRESENT,Траты на поездки: 640 950 ₸. Оценимый кешбэк ≈ 20 000 ₸
5,deposit,13365.36,DEPOSIT_OPPORTUNITY,"Если положить 1 336 536 ₸ на депозит (12% годовых), месячная выручка ≈ 13 365 ₸"
5,taxi_card,8560.44,HIGH_TAXI,По такси: 285 348 ₸ → выгода ≈ 8 560 ₸
5,restaurants_card,8479.22,HIGH_RESTAURANTS,Траты в ресторанах: 423 961 ₸ → выгода ≈ 8 479 ₸
5,investment_offer,3341.34,INVEST_OPPORTUNITY,Средний баланс: 1 336 536 ₸ → месячная оценочная доходность инвестиций ≈ 3 341 ₸
5,premium_card,3336.54,HIGH_BALANCE,Средний баланс: 1 336 536 ₸ → оценка выгоды ≈ 3 337 ₸
5,gold_offer,0.0,NO_SIGNAL,Нет трат на ювелирку
6,fx_offer,41306.05,FX_ACTIVITY,FX/переводы: 8 261 211 ₸ → потенциальная экономия на комиссиях ≈ 41 306 ₸
6,credit_offer,26702.57,LARGE_PAYMENTS,"Оборот: 2 670 257 ₸, средний чек: 8 901 ₸ → ожидаемая выгода от кредитного продукта ≈ 26 703 ₸"
6,supermarket_card,24558.97,HIGH_SUPERMARKET,Траты на продукты: 818 632 ₸ → выгода ≈ 24 559 ₸
6,travel_card,20000.0,HIGH_TRAVEL_SPEND|TAXI_PRESENT,Траты на поездки: 587 515 ₸. Оценимый кешбэк ≈ 20 000 ₸
6,restaurants_card,11248.02,HIGH_RESTAURANTS,Траты в ресторанах: 562 401 ₸ → выгода ≈ 11 248 ₸
6,taxi_card,8210.34,HIGH_TAXI,По такси: 273 678 ₸ → выгода ≈ 8 210 ₸
6,deposit,1319.29,DEPOSIT_OPPORTUNITY,"Если положить 131 929 ₸ на депозит (12% годовых), месячная выручка ≈ 1 319 ₸"
6,premium_card,0.0,NO_SIGNAL,Средний баланс: 131 929 ₸ → оценка выгоды ≈ 0 ₸
6,investment_offer,0.0,LOW_BALANCE,Слишком мал баланс для инвестиционных продуктов
6,gold_offer,0.0,NO_SIGNAL,Нет трат на ювелирку
7,fx_offer,51106.55,FX_ACTIVITY,FX/переводы: 10 221 309 ₸ → потенциальная экономия на комиссиях ≈ 51 107 ₸
7,deposit,40409.97,DEPOSIT_OPPORTUNITY,"Если положить 4 040 997 ₸ на депозит (12% годовых), месячная выручка ≈ 40 410 ₸"
7,credit_offer,27018.22,LARGE_PAYMENTS,"Оборот: 2 701 822 ₸, средний чек: 9 006 ₸ → ожидаемая выгода от кредитного продукта ≈ 27 018 ₸"
7,supermarket_card,23012.89,HIGH_SUPERMARKET,Траты на продукты: 767 096 ₸ → выгода ≈ 23 013 ₸
7,investment_offer,10102.49,INVEST_OPPORTUNITY,Средний баланс: 4 040 997 ₸ → месячная оценочная доходность инвестиций ≈ 10 102 ₸
7,travel_card,9404.17,HIGH_TRAVEL_SPEND|TAXI_PRESENT,Траты на поездки: 235 104 ₸. Оценимый кешбэк ≈ 9 404 ₸
7,restaurants_card,8993.81,HIGH_RESTAURANTS,Траты в ресторанах: 449 691 ₸ → выгода ≈ 8 994 ₸
7,taxi_card,7053.13,HIGH_TAXI,По такси: 235 104 ₸ → выгода ≈ 7 053 ₸
7,premium_card,6041.0,HIGH_BALANCE,Средний баланс: 4 040 997 ₸ → оценка выгоды ≈ 6 041 ₸
7,gold_offer,0.0,NO_SIGNAL,Нет трат на ювелирку
8,fx_offer,52696.26,FX_ACTIVITY,FX/переводы: 10 539 251 ₸ → потенциальная экономия на комиссиях ≈ 52 696 ₸
8,credit_offer,32151.26,LARGE_PAYMENTS,"Оборот: 3 215 126 ₸, средний чек: 10 717 ₸ → ожидаемая выгода от кредитного продукта ≈ 32 151 ₸"
8,supermarket_card,25629.32,HIGH_SUPERMARKET,Траты на продукты: 854 311 ₸ → выгода ≈ 25 629 ₸
8,deposit,10584.03,DEPOSIT_OPPORTUNITY,"Если положить 1 058 403 ₸ на депозит (12% годовых), месячная выручка ≈ 10 584 ₸"
8,restaurants_card,10384.27,HIGH_RESTAURANTS,Траты в ресторанах: 519 214 ₸ → выгода ≈ 10 384 ₸
8,travel_card,9421.17,HIGH_TRAVEL_SPEND|TAXI_PRESENT,Траты на поездки: 235 529 ₸. Оценимый кешбэк ≈ 9 421 ₸
8,taxi_card,7065.88,HIGH_TAXI,По такси: 235 529 ₸ → выгода ≈ 7 066 ₸
8,premium_card,3058.4,HIGH_BALANCE,Средний баланс: 1 058 403 ₸ → оценка выгоды ≈ 3 058 ₸
8,investment_offer,2646.01,INVEST_OPPORTUNITY,Средний баланс: 1 058 403 ₸ → месячная оценочная доходность инвестиций ≈ 2 646 ₸
8,gold_offer,0.0,NO_SIGNAL,Нет трат на ювелирку
9,fx_offer,51745.01,FX_ACTIVITY,FX/переводы: 10 349 001 ₸ → потенциальная экономия на комиссиях ≈ 51 745 ₸
9,deposit,30841.8,DEPOSIT_OPPORTUNITY,"Если положить 3 084 180 ₸ на депозит (12% годовых), месячная выручка ≈ 30 842 ₸"
9,credit_offer,28238.89,LARGE_PAYMENTS,"Оборот: 2 823 889 ₸, средний чек: 9 413 ₸ → ожидаемая выгода от кредитного продукта ≈ 28 239 ₸"
9,supermarket_card,26577.68,HIGH_SUPERMARKET,Траты на продукты: 885 923 ₸ → выгода ≈ 26 578 ₸
9,travel_card,8931.19,HIGH_TRAVEL_SPEND|TAXI_PRESENT,Траты на поездки: 223 280 ₸. Оценимый кешбэк ≈ 8 931 ₸
9,restaurants_card,8367.33,HIGH_RESTAURANTS,Траты в ресторанах: 418 366 ₸ → выгода ≈ 8 367 ₸
9,investment_offer,7710.45,INVEST_OPPORTUNITY,Средний баланс: 3 084 180 ₸ → месячная оценочная доходность инвестиций ≈ 7 710 ₸
9,taxi_card,6698.4,HIGH_TAXI,По такси: 223 280 ₸ → выгода ≈ 6 698 ₸
9,premium_card,5084.18,HIGH_BALANCE,Средний баланс: 3 084 180 ₸ → оценка выгоды ≈ 5 084 ₸
9,gold_offer,0.0,NO_SIGNAL,Нет трат на ювелирку
10,fx_offer,52585.69,FX_ACTIVITY,FX/переводы: 10 517 138 ₸ → потенциальная экономия на комиссиях ≈ 52 586 ₸
10,credit_offer,29195.35,LARGE_PAYMENTS,"Оборот: 2 919 535 ₸, средний чек: 9 732 ₸ → ожидаемая выгода от кредитного продукта ≈ 29 195 ₸"
10,supermarket_card,27995.57,HIGH_SUPERMARKET,Траты на продукты: 933 186 ₸ → выгода ≈ 27 996 ₸
10,deposit,12773.25,DEPOSIT_OPPORTUNITY,"Если положить 1 277 325 ₸ на депозит (12% годовых), месячная выручка ≈ 12 773 ₸"
10,restaurants_card,9725.77,HIGH_RESTAURANTS,Траты в ресторанах: 486 289 ₸ → выгода ≈ 9 726 ₸
10,travel_card,7957.44,HIGH_TRAVEL_SPEND|TAXI_PRESENT,Траты на поездки: 198 936 ₸. Оценимый кешбэк ≈ 7 957 ₸
10,taxi_card,5968.08,HIGH_TAXI,По такси: 198 936 ₸ → выгода ≈ 5 968 ₸
10,premium_card,3277.32,HIGH_BALANCE,Средний баланс: 1 277 325 ₸ → оценка выгоды ≈ 3 277 ₸
10,investment_offer,3193.31,INVEST_OPPORTUNITY,Средний баланс: 1 277 325 ₸ → месячная оценочная доходность инвестиций ≈ 3 193 ₸
10,gold_offer,0.0,NO_SIGNAL,Нет трат на ювелирку
11,fx_offer,50110.22,FX_ACTIVITY,FX/переводы: 10 022 045 ₸ → потенциальная экономия на комиссиях ≈ 50 110 ₸
11,deposit,32305.72,DEPOSIT_OPPORTUNITY,"Если положить 3 230 572 ₸ на депозит (12% годовых), месячная выручка ≈ 32 306 ₸"
11,credit_offer,29801.28,LARGE_PAYMENTS,"Оборот: 2 980 128 ₸, средний чек: 9 934 ₸ → ожидаемая выгода от кредитного продукта ≈ 29 801 ₸"
11,supermarket_card,27189.79,HIGH_SUPERMARKET,Траты на продукты: 906 326 ₸ → выгода ≈ 27 190 ₸
11,travel_card,9177.93,HIGH_TRAVEL_SPEND|TAXI_PRESENT,Траты на поездки: 229 448 ₸. Оценимый кешбэк ≈ 9 178 ₸
11,restaurants_card,8373.28,HIGH_RESTAURANTS,Траты в ресторанах: 418 664 ₸ → выгода ≈ 8 373 ₸
11,investment_offer,8076.43,INVEST_OPPORTUNITY,Средний баланс: 3 230 572 ₸ → месячная оценочная доходность инвестиций ≈ 8 076 ₸
11,taxi_card,6883.45,HIGH_TAXI,По такси: 229 448 ₸ → выгода ≈ 6 883 ₸
11,premium_card,5230.57,HIGH_BALANCE,Средний баланс: 3 230 572 ₸ → оценка выгоды ≈ 5 231 ₸
11,gold_offer,0.0,NO_SIGNAL,Нет трат на ювелирку
12,fx_offer,51735.57,FX_ACTIVITY,FX/переводы: 10 347 115 ₸ → потенциальная экономия на комиссиях ≈ 51 736 ₸
12,credit_offer,26459.55,LARGE_PAYMENTS,"Оборот: 2 645 955 ₸, средний чек: 8 820 ₸ → ожидаемая выгода от кредитного продукта ≈ 26 460 ₸"
12,supermarket_card,20097.43,HIGH_SUPERMARKET,Траты на продукты: 669 914 ₸ → выгода ≈ 20 097 ₸
12,travel_card,10719.01,HIGH_TRAVEL_SPEND|TAXI_PRESENT,Траты на поездки: 267 975 ₸. Оценимый кешбэк ≈ 10 719 ₸
12,restaurants_card,9149.77,HIGH_RESTAURANTS,Траты в ресторанах: 457 489 ₸ → выгода ≈ 9 150 ₸
12,deposit,8490.46,DEPOSIT_OPPORTUNITY,"Если положить 849 046 ₸ на депозит (12% годовых), месячная выручка ≈ 8 490 ₸"
12,taxi_card,8039.26,HIGH_TAXI,По такси: 267 975 ₸ → выгода ≈ 8 039 ₸
12,premium_card,2849.05,HIGH_BALANCE,Средний баланс: 849 046 ₸ → оценка выгоды ≈ 2 849 ₸
12,investment_offer,2122.61,INVEST_OPPORTUNITY,Средний баланс: 849 046 ₸ → месячная оценочная доходность инвестиций ≈ 2 123 ₸
12,gold_offer,0.0,NO_SIGNAL,Нет трат на ювелирку
13,fx_offer,34175.3,FX_ACTIVITY,FX/переводы: 6 835 060 ₸ → потенциальная экономия на комиссиях ≈ 34 175 ₸
13,credit_offer,17701.84,LARGE_PAYMENTS,"Оборот: 1 770 184 ₸, средний чек: 5 901 ₸ → ожидаемая выгода от кредитного продукта ≈ 17 702 ₸"
13,supermarket_card,13903.31,HIGH_SUPERMARKET,Траты на продукты: 463 444 ₸ → выгода ≈ 13 903 ₸
13,travel_card,9694.3,HIGH_TRAVEL_SPEND|TAXI_PRESENT,Траты на поездки: 242 357 ₸. Оценимый кешбэк ≈ 9 694 ₸
13,restaurants_card,5888.44,HIGH_RESTAURANTS,Траты в ресторанах: 294 422 ₸ → выгода ≈ 5 888 ₸
13,taxi_card,3429.49,HIGH_TAXI,По такси: 114 316 ₸ → выгода ≈ 3 429 ₸
13,deposit,540.74,DEPOSIT_OPPORTUNITY,"Если положить 54 074 ₸ на депозит (12% годовых), месячная выручка ≈ 541 ₸"
13,premium_card,0.0,NO_SIGNAL,Средний баланс: 54 074 ₸ → оценка выгоды ≈ 0 ₸
13,investment_offer,0.0,LOW_BALANCE,Слишком мал баланс для инвестиционных продуктов
13,gold_offer,0.0,NO_SIGNAL,Нет трат на ювелирку
14,fx_offer,49392.79,FX_ACTIVITY,FX/переводы: 9 878 559 ₸ → потенциальная экономия на комиссиях ≈ 49 393 ₸
14,credit_offer,21077.27,LARGE_PAYMENTS,"Оборот: 2 107 727 ₸, средний чек: 7 026 ₸ → ожидаемая выгода от кредитного продукта ≈ 21 077 ₸"
14,supermarket_card,20195.43,HIGH_SUPERMARKET,Траты на продукты: 673 181 ₸ → выгода ≈ 20 195 ₸
14,restaurants_card,6965.32,HIGH_RESTAURANTS,Траты в ресторанах: 348 266 ₸ → выгода ≈ 6 965 ₸
14,travel_card,6724.67,HIGH_TRAVEL_SPEND|TAXI_PRESENT,Траты на поездки: 168 117 ₸. Оценимый кешбэк ≈ 6 725 ₸
14,taxi_card,5043.5,HIGH_TAXI,По такси: 168 117 ₸ → выгода ≈ 5 044 ₸
14,deposit,573.85,DEPOSIT_OPPORTUNITY,"Если положить 57 385 ₸ на депозит (12% годовых), месячная выручка ≈ 574 ₸"
14,premium_card,0.0,NO_SIGNAL,Средний баланс: 57 385 ₸ → оценка выгоды ≈ 0 ₸
14,investment_offer,0.0,LOW_BALANCE,Слишком мал баланс для инвестиционных продуктов
14,gold_offer,0.0,NO_SIGNAL,Нет трат на ювелирку
15,fx_offer,51073.53,FX_ACTIVITY,FX/переводы: 10 214 707 ₸ → потенциальная экономия на комиссиях ≈ 51 074 ₸
15,supermarket_card,22912.28,HIGH_SUPERMARKET,Траты на продукты: 763 743 ₸ → выгода ≈ 22 912 ₸
15,credit_offer,21850.37,LARGE_PAYMENTS,"Оборот: 2 185 037 ₸, средний чек: 7 283 ₸ → ожидаемая выгода от кредитного продукта ≈ 21 850 ₸"
15,restaurants_card,8182.73,HIGH_RESTAURANTS,Траты в ресторанах: 409 137 ₸ → выгода ≈ 8 183 ₸
15,travel_card,7785.8,HIGH_TRAVEL_SPEND|TAXI_PRESENT,Траты на поездки: 194 645 ₸. Оценимый кешбэк ≈ 7 786 ₸
15,taxi_card,5839.35,HIGH_TAXI,По такси: 194 645 ₸ → выгода ≈ 5 839 ₸
15,deposit,1607.78,DEPOSIT_OPPORTUNITY,"Если положить 160 778 ₸ на депозит (12% годовых), месячная выручка ≈ 1 608 ₸"
15,premium_card,0.0,NO_SIGNAL,Средний баланс: 160 778 ₸ → оценка выгоды ≈ 0 ₸
15,investment_offer,0.0,LOW_BALANCE,Слишком мал баланс для инвестиционных продуктов
15,gold_offer,0.0,NO_SIGNAL,Нет трат на ювелирку
16,fx_offer,32220.14,FX_ACTIVITY,FX/переводы: 6 444 029 ₸ → потенциальная экономия на комиссиях ≈ 32 220 ₸
16,credit_offer,16967.14,LARGE_PAYMENTS,"Оборот: 1 696 714 ₸, средний чек: 5 656 ₸ → ожидаемая выгода от кредитного продукта ≈ 16 967 ₸"
16,travel_card,11891.32,HIGH_TRAVEL_SPEND|TAXI_PRESENT,Траты на поездки: 297 283 ₸. Оценимый кешбэк ≈ 11 891 ₸
16,supermarket_card,11130.65,HIGH_SUPERMARKET,Траты на продукты: 371 022 ₸ → выгода ≈ 11 131 ₸
16,restaurants_card,6002.42,HIGH_RESTAURANTS,Траты в ресторанах: 300 121 ₸ → выгода ≈ 6 002 ₸
16,taxi_card,4384.76,HIGH_TAXI,По такси: 146 159 ₸ → выгода ≈ 4 385 ₸
16,premium_card,0.0,NO_SIGNAL,Средний баланс: 46 630 ₸ → оценка выгоды ≈ 0 ₸
16,deposit,0.0,LOW_BALANCE,Недостаточный баланс для выгодного депозита
16,investment_offer,0.0,LOW_BALANCE,Слишком мал баланс для инвестиционных продуктов
16,gold_offer,0.0,NO_SIGNAL,Нет трат на ювелирку
17,fx_offer,49865.8,FX_ACTIVITY,FX/переводы: 9 973 160 ₸ → потенциальная экономия на комиссиях ≈ 49 866 ₸
17,credit_offer,21115.08,LARGE_PAYMENTS,"Оборот: 2 111 508 ₸, средний чек: 7 038 ₸ → ожидаемая выгода от кредитного продукта ≈ 21 115 ₸"
17,supermarket_card,18656.31,HIGH_SUPERMARKET,Траты на продукты: 621 877 ₸ → выгода ≈ 18 656 ₸
17,restaurants_card,8706.87,HIGH_RESTAURANTS,Траты в ресторанах: 435 343 ₸ → выгода ≈ 8 707 ₸
17,travel_card,7336.0,HIGH_TRAVEL_SPEND|TAXI_PRESENT,Траты на поездки: 183 400 ₸. Оценимый кешбэк ≈ 7 336 ₸
17,taxi_card,5502.0,HIGH_TAXI,По такси: 183 400 ₸ → выгода ≈ 5 502 ₸
17,deposit,891.26,DEPOSIT_OPPORTUNITY,"Если положить 89 126 ₸ на депозит (12% годовых), месячная выручка ≈ 891 ₸"
17,premium_card,0.0,NO_SIGNAL,Средний баланс: 89 126 ₸ → оценка выгоды ≈ 0 ₸
17,investment_offer,0.0,LOW_BALANCE,Слишком мал баланс для инвестиционных продуктов
17,gold_offer,0.0,NO_SIGNAL,Нет трат на ювелирку
18,fx_offer,48206.78,FX_ACTIVITY,FX/переводы: 9 641 355 ₸ → потенциальная экономия на комиссиях ≈ 48 207 ₸
18,supermarket_card,28222.97,HIGH_SUPERMARKET,Траты на продукты: 940 766 ₸ → выгода ≈ 28 223 ₸
18,credit_offer,23455.75,LARGE_PAYMENTS,"Оборот: 2 345 575 ₸, средний чек: 7 819 ₸ → ожидаемая выгода от кредитного продукта ≈ 23 456 ₸"
18,restaurants_card,7202.21,HIGH_RESTAURANTS,Траты в ресторанах: 360 111 ₸ → выгода ≈ 7 202 ₸
18,travel_card,6984.87,HIGH_TRAVEL_SPEND|TAXI_PRESENT,Траты на поездки: 174 622 ₸. Оценимый кешбэк ≈ 6 985 ₸
18,taxi_card,5238.65,HIGH_TAXI,По такси: 174 622 ₸ → выгода ≈ 5 239 ₸
18,deposit,980.89,DEPOSIT_OPPORTUNITY,"Если положить 98 089 ₸ на депозит (12% годовых), месячная выручка ≈ 981 ₸"
18,premium_card,0.0,NO_SIGNAL,Средний баланс: 98 089 ₸ → оценка выгоды ≈ 0 ₸
18,investment_offer,0.0,LOW_BALANCE,Слишком мал баланс для инвестиционных продуктов
18,gold_offer,0.0,NO_SIGNAL,Нет трат на ювелирку
19,fx_offer,88066.26,FX_ACTIVITY,FX/переводы: 17 613 251 ₸ → потенциальная экономия на комиссиях ≈ 88 066 ₸
19,credit_offer,22784.08,LARGE_PAYMENTS,"Оборот: 2 278 408 ₸, средний чек: 7 595 ₸ → ожидаемая выгода от кредитного продукта ≈ 22 784 ₸"
19,supermarket_card,21690.22,HIGH_SUPERMARKET,Траты на продукты: 723 007 ₸ → выгода ≈ 21 690 ₸
19,restaurants_card,9621.6,HIGH_RESTAURANTS,Траты в ресторанах: 481 080 ₸ → выгода ≈ 9 622 ₸
19,travel_card,8983.97,HIGH_TRAVEL_SPEND|TAXI_PRESENT,Траты на поездки: 224 599 ₸. Оценимый кешбэк ≈ 8 984 ₸
19,taxi_card,6737.98,HIGH_TAXI,По такси: 224 599 ₸ → выгода ≈ 6 738 ₸
19,deposit,801.5,DEPOSIT_OPPORTUNITY,"Если положить 80 150 ₸ на депозит (12% годовых), месячная выручка ≈ 802 ₸"
19,premium_card,0.0,NO_SIGNAL,Средний баланс: 80 150 ₸ → оценка выгоды ≈ 0 ₸
19,investment_offer,0.0,LOW_BALANCE,Слишком мал баланс для инвестиционных продуктов
19,gold_offer,0.0,NO_SIGNAL,Нет трат на ювелирку
20,fx_offer,79609.98,FX_ACTIVITY,FX/переводы: 15 921 996 ₸ → потенциальная экономия на комиссиях ≈ 79 610 ₸
20,credit_offer,22130.86,LARGE_PAYMENTS,"Оборот: 2 213 086 ₸, средний чек: 7 377 ₸ → ожидаемая выгода от кредитного продукта ≈ 22 131 ₸"
20,supermarket_card,19562.28,HIGH_SUPERMARKET,Траты на продукты: 652 076 ₸ → выгода ≈ 19 562 ₸
20,travel_card,10804.1,HIGH_TRAVEL_SPEND|TAXI_PRESENT,Траты на поездки: 270 102 ₸. Оценимый кешбэк ≈ 10 804 ₸
20,restaurants_card,10582.23,HIGH_RESTAURANTS,Траты в ресторанах: 529 111 ₸ → выгода ≈ 10 582 ₸
20,taxi_card,8103.07,HIGH_TAXI,По такси: 270 102 ₸ → выгода ≈ 8 103 ₸
20,deposit,1415.15,DEPOSIT_OPPORTUNITY,"Если положить 141 515 ₸ на депозит (12% годовых), месячная выручка ≈ 1 415 ₸"
20,premium_card,0.0,NO_SIGNAL,Средний баланс: 141 515 ₸ → оценка выгоды ≈ 0 ₸
20,investment_offer,0.0,LOW_BALANCE,Слишком мал баланс для инвестиционных продуктов
20,gold_offer,0.0,NO_SIGNAL,Нет трат на ювелирку
21,fx_offer,87224.24,FX_ACTIVITY,FX/переводы: 17 444 847 ₸ → потенциальная экономия на комиссиях ≈ 87 224 ₸
21,credit_offer,22170.35,LARGE_PAYMENTS,"Оборот: 2 217 035 ₸, средний чек: 7 390 ₸ → ожидаемая выгода от кредитного продукта ≈ 22 170 ₸"
21,supermarket_card,20578.45,HIGH_SUPERMARKET,Траты на продукты: 685 948 ₸ → выгода ≈ 20 578 ₸
21,deposit,17981.69,DEPOSIT_OPPORTUNITY,"Если положить 1 798 169 ₸ на депозит (12% годовых), месячная выручка ≈ 17 982 ₸"
21,restaurants_card,10712.73,HIGH_RESTAURANTS,Траты в ресторанах: 535 637 ₸ → выгода ≈ 10 713 ₸
21,travel_card,9936.24,HIGH_TRAVEL_SPEND|TAXI_PRESENT,Траты на поездки: 248 406 ₸. Оценимый кешбэк ≈ 9 936 ₸
21,taxi_card,7452.18,HIGH_TAXI,По такси: 248 406 ₸ → выгода ≈ 7 452 ₸
21,investment_offer,4495.42,INVEST_OPPORTUNITY,Средний баланс: 1 798 169 ₸ → месячная оценочная доходность инвестиций ≈ 4 495 ₸
21,premium_card,3798.17,HIGH_BALANCE,Средний баланс: 1 798 169 ₸ → оценка выгоды ≈ 3 798 ₸
21,gold_offer,0.0,NO_SIGNAL,Нет трат на ювелирку
22,fx_offer,78414.25,FX_ACTIVITY,FX/переводы: 15 682 851 ₸ → потенциальная экономия на комиссиях ≈ 78 414 ₸
22,credit_offer,23062.6,LARGE_PAYMENTS,"Оборот: 2 306 260 ₸, средний чек: 7 688 ₸ → ожидаемая выгода от кредитного продукта ≈ 23 063 ₸"
22,supermarket_card,22245.21,HIGH_SUPERMARKET,Траты на продукты: 741 507 ₸ → выгода ≈ 22 245 ₸
22,travel_card,11031.27,HIGH_TRAVEL_SPEND|TAXI_PRESENT,Траты на поездки: 275 782 ₸. Оценимый кешбэк ≈ 11 031 ₸
22,restaurants_card,9627.31,HIGH_RESTAURANTS,Траты в ресторанах: 481 366 ₸ → выгода ≈ 9 627 ₸
22,taxi_card,8273.45,HIGH_TAXI,По такси: 275 782 ₸ → выгода ≈ 8 273 ₸
22,deposit,774.74,DEPOSIT_OPPORTUNITY,"Если положить 77 474 ₸ на депозит (12% годовых), месячная выручка ≈ 775 ₸"
22,premium_card,0.0,NO_SIGNAL,Средний баланс: 77 474 ₸ → оценка выгоды ≈ 0 ₸
22,investment_offer,0.0,LOW_BALANCE,Слишком мал баланс для инвестиционных продуктов
22,gold_offer,0.0,NO_SIGNAL,Нет трат на ювелирку
23,fx_offer,88808.4,FX_ACTIVITY,FX/переводы: 17 761 679 ₸ → потенциальная экономия на комиссиях ≈ 88 808 ₸
23,credit_offer,23184.52,LARGE_PAYMENTS,"Оборот: 2 318 452 ₸, средний чек: 7 728 ₸ → ожидаемая выгода от кредитного продукта ≈ 23 185 ₸"
23,supermarket_card,22716.88,HIGH_SUPERMARKET,Траты на продукты: 757 229 ₸ → выгода ≈ 22 717 ₸
23,travel_card,10618.51,HIGH_TRAVEL_SPEND|TAXI_PRESENT,Траты на поездки: 265 463 ₸. Оценимый кешбэк ≈ 10 619 ₸
23,restaurants_card,10361.43,HIGH_RESTAURANTS,Траты в ресторанах: 518 071 ₸ → выгода ≈ 10 361 ₸
23,taxi_card,7963.88,HIGH_TAXI,По такси: 265 463 ₸ → выгода ≈ 7 964 ₸
23,deposit,1463.89,DEPOSIT_OPPORTUNITY,"Если положить 146 389 ₸ на депозит (12% годовых), месячная выручка ≈ 1 464 ₸"
23,premium_card,0.0,NO_SIGNAL,Средний баланс: 146 389 ₸ → оценка выгоды ≈ 0 ₸
23,investment_offer,0.0,LOW_BALANCE,Слишком мал баланс для инвестиционных продуктов
23,gold_offer,0.0,NO_SIGNAL,Нет трат на ювелирку
24,fx_offer,85668.45,FX_ACTIVITY,FX/переводы: 17 133 689 ₸ → потенциальная экономия на комиссиях ≈ 85 668 ₸
24,supermarket_card,26389.62,HIGH_SUPERMARKET,Траты на продукты: 879 654 ₸ → выгода ≈ 26 390 ₸
24,credit_offer,25077.39,LARGE_PAYMENTS,"Оборот: 2 507 739 ₸, средний чек: 8 359 ₸ → ожидаемая выгода от кредитного продукта ≈ 25 077 ₸"
24,restaurants_card,10930.77,HIGH_RESTAURANTS,Траты в ресторанах: 546 538 ₸ → выгода ≈ 10 931 ₸
24,travel_card,10391.02,HIGH_TRAVEL_SPEND|TAXI_PRESENT,Траты на поездки: 259 776 ₸. Оценимый кешбэк ≈ 10 391 ₸
24,taxi_card,7793.27,HIGH_TAXI,По такси: 259 776 ₸ → выгода ≈ 7 793 ₸
24,deposit,537.85,DEPOSIT_OPPORTUNITY,"Если положить 53 785 ₸ на депозит (12% годовых), месячная выручка ≈ 538 ₸"
24,premium_card,0.0,NO_SIGNAL,Средний баланс: 53 785 ₸ → оценка выгоды ≈ 0 ₸
24,investment_offer,0.0,LOW_BALANCE,Слишком мал баланс для инвестиционных продуктов
24,gold_offer,0.0,NO_SIGNAL,Нет трат на ювелирку
25,fx_offer,41961.23,FX_ACTIVITY,FX/переводы: 8 392 246 ₸ → потенциальная экономия на комиссиях ≈ 41 961 ₸
25,credit_offer,22401.11,LARGE_PAYMENTS,"Оборот: 2 240 111 ₸, средний чек: 7 467 ₸ → ожидаемая выгода от кредитного продукта ≈ 22 401 ₸"
25,supermarket_card,20289.84,HIGH_SUPERMARKET,Траты на продукты: 676 328 ₸ → выгода ≈ 20 290 ₸
25,travel_card,12456.44,HIGH_TRAVEL_SPEND|TAXI_PRESENT,Траты на поездки: 311 411 ₸. Оценимый кешбэк ≈ 12 456 ₸
25,taxi_card,9342.33,HIGH_TAXI,По такси: 311 411 ₸ → выгода ≈ 9 342 ₸
25,restaurants_card,8687.43,HIGH_RESTAURANTS,Траты в ресторанах: 434 371 ₸ → выгода ≈ 8 687 ₸
25,deposit,556.34,DEPOSIT_OPPORTUNITY,"Если положить 55 634 ₸ на депозит (12% годовых), месячная выручка ≈ 556 ₸"
25,premium_card,0.0,NO_SIGNAL,Средний баланс: 55 634 ₸ → оценка выгоды ≈ 0 ₸
25,investment_offer,0.0,LOW_BALANCE,Слишком мал баланс для инвестиционных продуктов
25,gold_offer,0.0,NO_SIGNAL,Нет трат на ювелирку
26,fx_offer,41951.72,FX_ACTIVITY,FX/переводы: 8 390 345 ₸ → потенциальная экономия на комиссиях ≈ 41 952 ₸
26,credit_offer,27133.64,LARGE_PAYMENTS,"Оборот: 2 713 364 ₸, средний чек: 9 045 ₸ → ожидаемая выгода от кредитного продукта ≈ 27 134 ₸"
26,travel_card,20000.0,HIGH_TRAVEL_SPEND|TAXI_PRESENT,Траты на поездки: 728 465 ₸. Оценимый кешбэк ≈ 20 000 ₸
26,supermarket_card,19209.11,HIGH_SUPERMARKET,Траты на продукты: 640 304 ₸ → выгода ≈ 19 209 ₸
26,taxi_card,9191.08,HIGH_TAXI,По такси: 306 369 ₸ → выгода ≈ 9 191 ₸
26,restaurants_card,9161.09,HIGH_RESTAURANTS,Траты в ресторанах: 458 055 ₸ → выгода ≈ 9 161 ₸
26,deposit,1362.48,DEPOSIT_OPPORTUNITY,"Если положить 136 248 ₸ на депозит (12% годовых), месячная выручка ≈ 1 362 ₸"
26,premium_card,0.0,NO_SIGNAL,Средний баланс: 136 248 ₸ → оценка выгоды ≈ 0 ₸
26,investment_offer,0.0,LOW_BALANCE,Слишком мал баланс для инвестиционных продуктов
26,gold_offer,0.0,NO_SIGNAL,Нет трат на ювелирку
27,fx_offer,40293.88,FX_ACTIVITY,FX/переводы: 8 058 776 ₸ → потенциальная экономия на комиссиях ≈ 40 294 ₸
27,credit_offer,25494.32,LARGE_PAYMENTS,"Оборот: 2 549 432 ₸, средний чек: 8 498 ₸ → ожидаемая выгода от кредитного продукта ≈ 25 494 ₸"
27,supermarket_card,21450.32,HIGH_SUPERMARKET,Траты на продукты: 715 011 ₸ → выгода ≈ 21 450 ₸
27,travel_card,20000.0,HIGH_TRAVEL_SPEND|TAXI_PRESENT,Траты на поездки: 555 532 ₸. Оценимый кешбэк ≈ 20 000 ₸
27,restaurants_card,11516.93,HIGH_RESTAURANTS,Траты в ресторанах: 575 846 ₸ → выгода ≈ 11 517 ₸
27,taxi_card,8464.1,HIGH_TAXI,По такси: 282 137 ₸ → выгода ≈ 8 464 ₸
27,deposit,708.58,DEPOSIT_OPPORTUNITY,"Если положить 70 858 ₸ на депозит (12% годовых), месячная выручка ≈ 709 ₸"
27,premium_card,0.0,NO_SIGNAL,Средний баланс: 70 858 ₸ → оценка выгоды ≈ 0 ₸
27,investment_offer,0.0,LOW_BALANCE,Слишком мал баланс для инвестиционных продуктов
27,gold_offer,0.0,NO_SIGNAL,Нет трат на ювелирку
28,fx_offer,41467.21,FX_ACTIVITY,FX/переводы: 8 293 442 ₸ → потенциальная экономия на комиссиях ≈ 41 467 ₸
28,credit_offer,25014.91,LARGE_PAYMENTS,"Оборот: 2 501 491 ₸, средний чек: 8 338 ₸ → ожидаемая выгода от кредитного продукта ≈ 25 015 ₸"
28,supermarket_card,20103.63,HIGH_SUPERMARKET,Траты на продукты: 670 121 ₸ → выгода ≈ 20 104 ₸
28,travel_card,20000.0,HIGH_TRAVEL_SPEND|TAXI_PRESENT,Траты на поездки: 559 174 ₸. Оценимый кешбэк ≈ 20 000 ₸
28,restaurants_card,9450.93,HIGH_RESTAURANTS,Траты в ресторанах: 472 546 ₸ → выгода ≈ 9 451 ₸
28,taxi_card,7923.86,HIGH_TAXI,По такси: 264 129 ₸ → выгода ≈ 7 924 ₸
28,deposit,1502.81,DEPOSIT_OPPORTUNITY,"Если положить 150 281 ₸ на депозит (12% годовых), месячная выручка ≈ 1 503 ₸"
28,premium_card,0.0,NO_SIGNAL,Средний баланс: 150 281 ₸ → оценка выгоды ≈ 0 ₸
28,investment_offer,0.0,LOW_BALANCE,Слишком мал баланс для инвестиционных продуктов
28,gold_offer,0.0,NO_SIGNAL,Нет трат на ювелирку
29,fx_offer,38555.26,FX_ACTIVITY,FX/переводы: 7 711 051 ₸ → потенциальная экономия на комиссиях ≈ 38 555 ₸
29,supermarket_card,26886.45,HIGH_SUPERMARKET,Траты на продукты: 896 215 ₸ → выгода ≈ 26 886 ₸
29,credit_offer,26791.03,LARGE_PAYMENTS,"Оборот: 2 679 103 ₸, средний чек: 8 930 ₸ → ожидаемая выгода от кредитного продукта ≈ 26 791 ₸"
29,travel_card,20000.0,HIGH_TRAVEL_SPEND|TAXI_PRESENT,Траты на поездки: 590 720 ₸. Оценимый кешбэк ≈ 20 000 ₸
29,restaurants_card,10260.4,HIGH_RESTAURANTS,Траты в ресторанах: 513 020 ₸ → выгода ≈ 10 260 ₸
29,taxi_card,9557.82,HIGH_TAXI,По такси: 318 594 ₸ → выгода ≈ 9 558 ₸
29,deposit,884.87,DEPOSIT_OPPORTUNITY,"Если положить 88 487 ₸ на депозит (12% годовых), месячная выручка ≈ 885 ₸"
29,premium_card,0.0,NO_SIGNAL,Средний баланс: 88 487 ₸ → оценка выгоды ≈ 0 ₸
29,investment_offer,0.0,LOW_BALANCE,Слишком мал баланс для инвестиционных продуктов
29,gold_offer,0.0,NO_SIGNAL,Нет трат на ювелирку
30,fx_offer,42093.51,FX_ACTIVITY,FX/переводы: 8 418 701 ₸ → потенциальная экономия на комиссиях ≈ 42 094 ₸
30,credit_offer,27904.95,LARGE_PAYMENTS,"Оборот: 2 790 495 ₸, средний чек: 9 302 ₸ → ожидаемая выгода от кредитного продукта ≈ 27 905 ₸"
30,supermarket_card,26688.55,HIGH_SUPERMARKET,Траты на продукты: 889 618 ₸ → выгода ≈ 26 689 ₸
30,travel_card,20000.0,HIGH_TRAVEL_SPEND|TAXI_PRESENT,Траты на поездки: 629 105 ₸. Оценимый кешбэк ≈ 20 000 ₸
30,restaurants_card,10957.27,HIGH_RESTAURANTS,Траты в ресторанах: 547 863 ₸ → выгода ≈ 10 957 ₸
30,taxi_card,9156.91,HIGH_TAXI,По такси: 305 230 ₸ → выгода ≈ 9 157 ₸
30,deposit,1045.53,DEPOSIT_OPPORTUNITY,"Если положить 104 553 ₸ на депозит (12% годовых), месячная выручка ≈ 1 046 ₸"
30,premium_card,0.0,NO_SIGNAL,Средний баланс: 104 553 ₸ → оценка выгоды ≈ 0 ₸
30,investment_offer,0.0,LOW_BALANCE,Слишком мал баланс для инвестиционных продуктов
30,gold_offer,0.0,NO_SIGNAL,Нет трат на ювелирку
31,fx_offer,42898.53,FX_ACTIVITY,FX/переводы: 8 579 707 ₸ → потенциальная экономия на комиссиях ≈ 42 899 ₸
31,credit_offer,23432.09,LARGE_PAYMENTS,"Оборот: 2 343 209 ₸, средний чек: 7 811 ₸ → ожидаемая выгода от кредитного продукта ≈ 23 432 ₸"
31,supermarket_card,19862.77,HIGH_SUPERMARKET,Траты на продукты: 662 092 ₸ → выгода ≈ 19 863 ₸
31,deposit,13038.48,DEPOSIT_OPPORTUNITY,"Если положить 1 303 848 ₸ на депозит (12% годовых), месячная выручка ≈ 13 038 ₸"
31,travel_card,11791.83,HIGH_TRAVEL_SPEND|TAXI_PRESENT,Траты на поездки: 294 796 ₸. Оценимый кешбэк ≈ 11 792 ₸
31,restaurants_card,10586.41,HIGH_RESTAURANTS,Траты в ресторанах: 529 321 ₸ → выгода ≈ 10 586 ₸
31,taxi_card,8843.87,HIGH_TAXI,По такси: 294 796 ₸ → выгода ≈ 8 844 ₸
31,premium_card,3303.85,HIGH_BALANCE,Средний баланс: 1 303 848 ₸ → оценка выгоды ≈ 3 304 ₸
31,investment_offer,3259.62,INVEST_OPPORTUNITY,Средний баланс: 1 303 848 ₸ → месячная оценочная доходность инвестиций ≈ 3 260 ₸
31,gold_offer,0.0,NO_SIGNAL,Нет трат на ювелирку
32,fx_offer,46358.75,FX_ACTIVITY,FX/переводы: 9 271 749 ₸ → потенциальная экономия на комиссиях ≈ 46 359 ₸
32,credit_offer,30583.38,LARGE_PAYMENTS,"Оборот: 3 058 338 ₸, средний чек: 10 194 ₸ → ожидаемая выгода от кредитного продукта ≈ 30 583 ₸"
32,supermarket_card,24626.16,HIGH_SUPERMARKET,Траты на продукты: 820 872 ₸ → выгода ≈ 24 626 ₸
32,restaurants_card,23554.7,HIGH_RESTAURANTS,Траты в ресторанах: 1 177 735 ₸ → выгода ≈ 23 555 ₸
32,deposit,23171.6,DEPOSIT_OPPORTUNITY,"Если положить 2 317 160 ₸ на депозит (12% годовых), месячная выручка ≈ 23 172 ₸"
32,travel_card,11986.53,HIGH_TRAVEL_SPEND|TAXI_PRESENT,Траты на поездки: 299 663 ₸. Оценимый кешбэк ≈ 11 987 ₸
32,taxi_card,8989.9,HIGH_TAXI,По такси: 299 663 ₸ → выгода ≈ 8 990 ₸
32,investment_offer,5792.9,INVEST_OPPORTUNITY,Средний баланс: 2 317 160 ₸ → месячная оценочная доходность инвестиций ≈ 5 793 ₸
32,premium_card,4317.16,HIGH_BALANCE,Средний баланс: 2 317 160 ₸ → оценка выгоды ≈ 4 317 ₸
32,gold_offer,0.0,NO_SIGNAL,Нет трат на ювелирку
33,fx_offer,40891.03,FX_ACTIVITY,FX/переводы: 8 178 205 ₸ → потенциальная экономия на комиссиях ≈ 40 891 ₸
33,supermarket_card,27110.04,HIGH_SUPERMARKET,Траты на продукты: 903 668 ₸ → выгода ≈ 27 110 ₸
33,credit_offer,24787.96,LARGE_PAYMENTS,"Оборот: 2 478 796 ₸, средний чек: 8 263 ₸ → ожидаемая выгода от кредитного продукта ≈ 24 788 ₸"
33,restaurants_card,10181.99,HIGH_RESTAURANTS,Траты в ресторанах: 509 100 ₸ → выгода ≈ 10 182 ₸
33,travel_card,9480.89,HIGH_TRAVEL_SPEND|TAXI_PRESENT,Траты на поездки: 237 022 ₸. Оценимый кешбэк ≈ 9 481 ₸
33,deposit,8242.46,DEPOSIT_OPPORTUNITY,"Если положить 824 246 ₸ на депозит (12% годовых), месячная выручка ≈ 8 242 ₸"
33,taxi_card,7110.67,HIGH_TAXI,По такси: 237 022 ₸ → выгода ≈ 7 111 ₸
33,premium_card,2824.25,HIGH_BALANCE,Средний баланс: 824 246 ₸ → оценка выгоды ≈ 2 824 ₸
33,investment_offer,2060.61,INVEST_OPPORTUNITY,Средний баланс: 824 246 ₸ → месячная оценочная доходность инвестиций ≈ 2 061 ₸
33,gold_offer,0.0,NO_SIGNAL,Нет трат на ювелирку
34,fx_offer,40620.57,FX_ACTIVITY,FX/переводы: 8 124 114 ₸ → потенциальная экономия на комиссиях ≈ 40 621 ₸
34,supermarket_card,24246.68,HIGH_SUPERMARKET,Траты на продукты: 808 223 ₸ → выгода ≈ 24 247 ₸
34,credit_offer,22888.07,LARGE_PAYMENTS,"Оборот: 2 288 807 ₸, средний чек: 7 629 ₸ → ожидаемая выгода от кредитного продукта ≈ 22 888 ₸"
34,travel_card,10796.1,HIGH_TRAVEL_SPEND|TAXI_PRESENT,Траты на поездки: 269 902 ₸. Оценимый кешбэк ≈ 10 796 ₸
34,restaurants_card,9004.0,HIGH_RESTAURANTS,Траты в ресторанах: 450 200 ₸ → выгода ≈ 9 004 ₸
34,taxi_card,8097.07,HIGH_TAXI,По такси: 269 902 ₸ → выгода ≈ 8 097 ₸
34,deposit,1159.3,DEPOSIT_OPPORTUNITY,"Если положить 115 930 ₸ на депозит (12% годовых), месячная выручка ≈ 1 159 ₸"
34,premium_card,0.0,NO_SIGNAL,Средний баланс: 115 930 ₸ → оценка выгоды ≈ 0 ₸
34,investment_offer,0.0,LOW_BALANCE,Слишком мал баланс для инвестиционных продуктов
34,gold_offer,0.0,NO_SIGNAL,Нет трат на ювелирку
35,fx_offer,42755.11,FX_ACTIVITY,FX/переводы: 8 551 022 ₸ → потенциальная экономия на комиссиях ≈ 42 755 ₸
35,credit_offer,29806.71,LARGE_PAYMENTS,"Оборот: 2 980 671 ₸, средний чек: 9 936 ₸ → ожидаемая выгода от кредитного продукта ≈ 29 807 ₸"
35,supermarket_card,24179.76,HIGH_SUPERMARKET,Траты на продукты: 805 992 ₸ → выгода ≈ 24 180 ₸
35,restaurants_card,22163.14,HIGH_RESTAURANTS,Траты в ресторанах: 1 108 157 ₸ → выгода ≈ 22 163 ₸
35,deposit,14487.97,DEPOSIT_OPPORTUNITY,"Если положить 1 448 797 ₸ на депозит (12% годовых), месячная выручка ≈ 14 488 ₸"
35,travel_card,12289.0,HIGH_TRAVEL_SPEND|TAXI_PRESENT,Траты на поездки: 307 225 ₸. Оценимый кешбэк ≈ 12 289 ₸
35,taxi_card,9216.75,HIGH_TAXI,По такси: 307 225 ₸ → выгода ≈ 9 217 ₸
35,investment_offer,3621.99,INVEST_OPPORTUNITY,Средний баланс: 1 448 797 ₸ → месячная оценочная доходность инвестиций ≈ 3 622 ₸
35,premium_card,3448.8,HIGH_BALANCE,Средний баланс: 1 448 797 ₸ → оценка выгоды ≈ 3 449 ₸
35,gold_offer,0.0,NO_SIGNAL,Нет трат на ювелирку
36,fx_offer,39683.7,FX_ACTIVITY,FX/переводы: 7 936 741 ₸ → потенциальная экономия на комиссиях ≈ 39 684 ₸
36,credit_offer,22028.25,LARGE_PAYMENTS,"Оборот: 2 202 825 ₸, средний чек: 7 343 ₸ → ожидаемая выгода от кредитного продукта ≈ 22 028 ₸"
36,supermarket_card,21715.64,HIGH_SUPERMARKET,Траты на продукты: 723 855 ₸ → выгода ≈ 21 716 ₸
36,travel_card,10676.27,HIGH_TRAVEL_SPEND|TAXI_PRESENT,Траты на поездки: 266 907 ₸. Оценимый кешбэк ≈ 10 676 ₸
36,taxi_card,8007.2,HIGH_TAXI,По такси: 266 907 ₸ → выгода ≈ 8 007 ₸
36,restaurants_card,7925.41,HIGH_RESTAURANTS,Траты в ресторанах: 396 270 ₸ → выгода ≈ 7 925 ₸
36,deposit,7122.77,DEPOSIT_OPPORTUNITY,"Если положить 712 277 ₸ на депозит (12% годовых), месячная выручка ≈ 7 123 ₸"
36,premium_card,2712.28,HIGH_BALANCE,Средний баланс: 712 277 ₸ → оценка выгоды ≈ 2 712 ₸
36,investment_offer,1780.69,INVEST_OPPORTUNITY,Средний баланс: 712 277 ₸ → месячная оценочная доходность инвестиций ≈ 1 781 ₸
36,gold_offer,0.0,NO_SIGNAL,Нет трат на ювелирку
37,fx_offer,41472.51,FX_ACTIVITY,FX/переводы: 8 294 503 ₸ → потенциальная экономия на комиссиях ≈ 41 473 ₸
37,supermarket_card,25690.71,HIGH_SUPERMARKET,Траты на продукты: 856 357 ₸ → выгода ≈ 25 691 ₸
37,credit_offer,22908.48,LARGE_PAYMENTS,"Оборот: 2 290 848 ₸, средний чек: 7 636 ₸ → ожидаемая выгода от кредитного продукта ≈ 22 908 ₸"
37,travel_card,9348.65,HIGH_TRAVEL_SPEND|TAXI_PRESENT,Траты на поездки: 233 716 ₸. Оценимый кешбэк ≈ 9 349 ₸
37,deposit,9003.61,DEPOSIT_OPPORTUNITY,"Если положить 900 361 ₸ на депозит (12% годовых), месячная выручка ≈ 9 004 ₸"
37,restaurants_card,8806.76,HIGH_RESTAURANTS,Траты в ресторанах: 440 338 ₸ → выгода ≈ 8 807 ₸
37,taxi_card,7011.49,HIGH_TAXI,По такси: 233 716 ₸ → выгода ≈ 7 011 ₸
37,premium_card,2900.36,HIGH_BALANCE,Средний баланс: 900 361 ₸ → оценка выгоды ≈ 2 900 ₸
37,investment_offer,2250.9,INVEST_OPPORTUNITY,Средний баланс: 900 361 ₸ → месячная оценочная доходность инвестиций ≈ 2 251 ₸
37,gold_offer,0.0,NO_SIGNAL,Нет трат на ювелирку
38,deposit,58186.75,DEPOSIT_OPPORTUNITY,"Если положить 5 818 675 ₸ на депозит (12% годовых), месячная выручка ≈ 58 187 ₸"
38,fx_offer,43843.7,FX_ACTIVITY,FX/переводы: 8 768 739 ₸ → потенциальная экономия на комиссиях ≈ 43 844 ₸
38,credit_offer,29859.34,LARGE_PAYMENTS,"Оборот: 2 985 934 ₸, средний чек: 9 953 ₸ → ожидаемая выгода от кредитного продукта ≈ 29 859 ₸"
38,supermarket_card,22201.61,HIGH_SUPERMARKET,Траты на продукты: 740 054 ₸ → выгода ≈ 22 202 ₸
38,restaurants_card,21238.37,HIGH_RESTAURANTS,Траты в ресторанах: 1 061 918 ₸ → выгода ≈ 21 238 ₸
38,investment_offer,14546.69,INVEST_OPPORTUNITY,Средний баланс: 5 818 675 ₸ → месячная оценочная доходность инвестиций ≈ 14 547 ₸
38,travel_card,12168.6,HIGH_TRAVEL_SPEND|TAXI_PRESENT,Траты на поездки: 304 215 ₸. Оценимый кешбэк ≈ 12 169 ₸
38,taxi_card,9126.45,HIGH_TAXI,По такси: 304 215 ₸ → выгода ≈ 9 126 ₸
38,premium_card,7818.68,HIGH_BALANCE,Средний баланс: 5 818 675 ₸ → оценка выгоды ≈ 7 819 ₸
38,gold_offer,0.0,NO_SIGNAL,Нет трат на ювелирку
39,fx_offer,40565.14,FX_ACTIVITY,FX/переводы: 8 113 027 ₸ → потенциальная экономия на комиссиях ≈ 40 565 ₸
39,credit_offer,22205.8,LARGE_PAYMENTS,"Оборот: 2 220 580 ₸, средний чек: 7 402 ₸ → ожидаемая выгода от кредитного продукта ≈ 22 206 ₸"
39,supermarket_card,19925.55,HIGH_SUPERMARKET,Траты на продукты: 664 185 ₸ → выгода ≈ 19 926 ₸
39,deposit,12482.39,DEPOSIT_OPPORTUNITY,"Если положить 1 248 239 ₸ на депозит (12% годовых), месячная выручка ≈ 12 482 ₸"
39,restaurants_card,9973.18,HIGH_RESTAURANTS,Траты в ресторанах: 498 659 ₸ → выгода ≈ 9 973 ₸
39,travel_card,9880.37,HIGH_TRAVEL_SPEND|TAXI_PRESENT,Траты на поездки: 247 009 ₸. Оценимый кешбэк ≈ 9 880 ₸
39,taxi_card,7410.28,HIGH_TAXI,По такси: 247 009 ₸ → выгода ≈ 7 410 ₸
39,premium_card,3248.24,HIGH_BALANCE,Средний баланс: 1 248 239 ₸ → оценка выгоды ≈ 3 248 ₸
39,investment_offer,3120.6,INVEST_OPPORTUNITY,Средний баланс: 1 248 239 ₸ → месячная оценочная доходность инвестиций ≈ 3 121 ₸
39,gold_offer,0.0,NO_SIGNAL,Нет трат на ювелирку
40,fx_offer,38647.12,FX_ACTIVITY,FX/переводы: 7 729 424 ₸ → потенциальная экономия на комиссиях ≈ 38 647 ₸
40,supermarket_card,26804.66,HIGH_SUPERMARKET,Траты на продукты: 893 489 ₸ → выгода ≈ 26 805 ₸
40,credit_offer,24605.99,LARGE_PAYMENTS,"Оборот: 2 460 599 ₸, средний чек: 8 202 ₸ → ожидаемая выгода от кредитного продукта ≈ 24 606 ₸"
40,travel_card,12196.69,HIGH_TRAVEL_SPEND|TAXI_PRESENT,Траты на поездки: 304 917 ₸. Оценимый кешбэк ≈ 12 197 ₸
40,restaurants_card,11869.23,HIGH_RESTAURANTS,Траты в ресторанах: 593 461 ₸ → выгода ≈ 11 869 ₸
40,taxi_card,9147.52,HIGH_TAXI,По такси: 304 917 ₸ → выгода ≈ 9 148 ₸
40,deposit,860.92,DEPOSIT_OPPORTUNITY,"Если положить 86 092 ₸ на депозит (12% годовых), месячная выручка ≈ 861 ₸"
40,premium_card,0.0,NO_SIGNAL,Средний баланс: 86 092 ₸ → оценка выгоды ≈ 0 ₸
40,investment_offer,0.0,LOW_BALANCE,Слишком мал баланс для инвестиционных продуктов
40,gold_offer,0.0,NO_SIGNAL,Нет трат на ювелирку
41,fx_offer,40884.21,FX_ACTIVITY,FX/переводы: 8 176 842 ₸ → потенциальная экономия на комиссиях ≈ 40 884 ₸
41,supermarket_card,25574.33,HIGH_SUPERMARKET,Траты на продукты: 852 478 ₸ → выгода ≈ 25 574 ₸
41,credit_offer,24073.7,LARGE_PAYMENTS,"Оборот: 2 407 370 ₸, средний чек: 8 025 ₸ → ожидаемая выгода от кредитного продукта ≈ 24 074 ₸"
41,deposit,11643.13,DEPOSIT_OPPORTUNITY,"Если положить 1 164 313 ₸ на депозит (12% годовых), месячная выручка ≈ 11 643 ₸"
41,restaurants_card,10353.81,HIGH_RESTAURANTS,Траты в ресторанах: 517 690 ₸ → выгода ≈ 10 354 ₸
41,travel_card,9970.19,HIGH_TRAVEL_SPEND|TAXI_PRESENT,Траты на поездки: 249 255 ₸. Оценимый кешбэк ≈ 9 970 ₸
41,taxi_card,7477.64,HIGH_TAXI,По такси: 249 255 ₸ → выгода ≈ 7 478 ₸
41,premium_card,3164.31,HIGH_BALANCE,Средний баланс: 1 164 313 ₸ → оценка выгоды ≈ 3 164 ₸
41,investment_offer,2910.78,INVEST_OPPORTUNITY,Средний баланс: 1 164 313 ₸ → месячная оценочная доходность инвестиций ≈ 2 911 ₸
41,gold_offer,0.0,NO_SIGNAL,Нет трат на ювелирку
42,fx_offer,42860.93,FX_ACTIVITY,FX/переводы: 8 572 185 ₸ → потенциальная экономия на комиссиях ≈ 42 861 ₸
42,credit_offer,31600.8,LARGE_PAYMENTS,"Оборот: 3 160 080 ₸, средний чек: 10 534 ₸ → ожидаемая выгода от кредитного продукта ≈ 31 601 ₸"
42,deposit,29480.28,DEPOSIT_OPPORTUNITY,"Если положить 2 948 028 ₸ на депозит (12% годовых), месячная выручка ≈ 29 480 ₸"
42,supermarket_card,25555.49,HIGH_SUPERMARKET,Траты на продукты: 851 850 ₸ → выгода ≈ 25 555 ₸
42,restaurants_card,23891.25,HIGH_RESTAURANTS,Траты в ресторанах: 1 194 563 ₸ → выгода ≈ 23 891 ₸
42,travel_card,13763.04,HIGH_TRAVEL_SPEND|TAXI_PRESENT,Траты на поездки: 344 076 ₸. Оценимый кешбэк ≈ 13 763 ₸
42,taxi_card,10322.28,HIGH_TAXI,По такси: 344 076 ₸ → выгода ≈ 10 322 ₸
42,investment_offer,7370.07,INVEST_OPPORTUNITY,Средний баланс: 2 948 028 ₸ → месячная оценочная доходность инвестиций ≈ 7 370 ₸
42,premium_card,4948.03,HIGH_BALANCE,Средний баланс: 2 948 028 ₸ → оценка выгоды ≈ 4 948 ₸
42,gold_offer,0.0,NO_SIGNAL,Нет трат на ювелирку
43,fx_offer,42891.92,FX_ACTIVITY,FX/переводы: 8 578 385 ₸ → потенциальная экономия на комиссиях ≈ 42 892 ₸
43,supermarket_card,25539.07,HIGH_SUPERMARKET,Траты на продукты: 851 302 ₸ → выгода ≈ 25 539 ₸
43,credit_offer,23171.5,LARGE_PAYMENTS,"Оборот: 2 317 150 ₸, средний чек: 7 724 ₸ → ожидаемая выгода от кредитного продукта ≈ 23 171 ₸"
43,travel_card,8694.87,HIGH_TRAVEL_SPEND|TAXI_PRESENT,Траты на поездки: 217 372 ₸. Оценимый кешбэк ≈ 8 695 ₸
43,restaurants_card,8398.09,HIGH_RESTAURANTS,Траты в ресторанах: 419 905 ₸ → выгода ≈ 8 398 ₸
43,taxi_card,6521.16,HIGH_TAXI,По такси: 217 372 ₸ → выгода ≈ 6 521 ₸
43,deposit,763.2,DEPOSIT_OPPORTUNITY,"Если положить 76 320 ₸ на депозит (12% годовых), месячная выручка ≈ 763 ₸"
43,premium_card,0.0,NO_SIGNAL,Средний баланс: 76 320 ₸ → оценка выгоды ≈ 0 ₸
43,investment_offer,0.0,LOW_BALANCE,Слишком мал баланс для инвестиционных продуктов
43,gold_offer,0.0,NO_SIGNAL,Нет трат на ювелирку
44,fx_offer,48059.93,FX_ACTIVITY,FX/переводы: 9 611 986 ₸ → потенциальная экономия на комиссиях ≈ 48 060 ₸
44,supermarket_card,24985.33,HIGH_SUPERMARKET,Траты на продукты: 832 844 ₸ → выгода ≈ 24 985 ₸
44,credit_offer,22277.34,LARGE_PAYMENTS,"Оборот: 2 227 734 ₸, средний чек: 7 426 ₸ → ожидаемая выгода от кредитного продукта ≈ 22 277 ₸"
44,travel_card,10229.35,HIGH_TRAVEL_SPEND|TAXI_PRESENT,Траты на поездки: 255 734 ₸. Оценимый кешбэк ≈ 10 229 ₸
44,restaurants_card,8927.22,HIGH_RESTAURANTS,Траты в ресторанах: 446 361 ₸ → выгода ≈ 8 927 ₸
44,taxi_card,7672.01,HIGH_TAXI,По такси: 255 734 ₸ → выгода ≈ 7 672 ₸
44,deposit,898.46,DEPOSIT_OPPORTUNITY,"Если положить 89 846 ₸ на депозит (12% годовых), месячная выручка ≈ 898 ₸"
44,premium_card,0.0,NO_SIGNAL,Средний баланс: 89 846 ₸ → оценка выгоды ≈ 0 ₸
44,investment_offer,0.0,LOW_BALANCE,Слишком мал баланс для инвестиционных продуктов
44,gold_offer,0.0,NO_SIGNAL,Нет трат на ювелирку
45,credit_offer,93076.54,LARGE_PAYMENTS,"Оборот: 9 307 654 ₸, средний чек: 31 026 ₸ → ожидаемая выгода от кредитного продукта ≈ 93 077 ₸"
45,fx_offer,46538.27,FX_ACTIVITY,FX/переводы: 9 307 654 ₸ → потенциальная экономия на комиссиях ≈ 46 538 ₸
45,gold_offer,26085.37,GOLD_INTEREST,Траты на ювелирку: 1 304 269 ₸ → выгодна накопительная программа/золото ≈ 26 085 ₸
45,supermarket_card,25921.99,HIGH_SUPERMARKET,Траты на продукты: 864 066 ₸ → выгода ≈ 25 922 ₸
45,restaurants_card,25283.24,HIGH_RESTAURANTS,Траты в ресторанах: 1 264 162 ₸ → выгода ≈ 25 283 ₸
45,travel_card,15390.23,HIGH_TRAVEL_SPEND,Траты на поездки: 384 756 ₸. Оценимый кешбэк ≈ 15 390 ₸
45,deposit,725.52,DEPOSIT_OPPORTUNITY,"Если положить 72 552 ₸ на депозит (12% годовых), месячная выручка ≈ 726 ₸"
45,taxi_card,0.0,NO_SIGNAL,По такси: 0 ₸ → выгода ≈ 0 ₸
45,premium_card,0.0,NO_SIGNAL,Средний баланс: 72 552 ₸ → оценка выгоды ≈ 0 ₸
45,investment_offer,0.0,LOW_BALANCE,Слишком мал баланс для инвестиционных продуктов
46,fx_offer,46219.93,FX_ACTIVITY,FX/переводы: 9 243 986 ₸ → потенциальная экономия на комиссиях ≈ 46 220 ₸
46,supermarket_card,24759.68,HIGH_SUPERMARKET,Траты на продукты: 825 323 ₸ → выгода ≈ 24 760 ₸
46,credit_offer,23055.27,LARGE_PAYMENTS,"Оборот: 2 305 527 ₸, средний чек: 7 685 ₸ → ожидаемая выгода от кредитного продукта ≈ 23 055 ₸"
46,travel_card,9191.24,HIGH_TRAVEL_SPEND|TAXI_PRESENT,Траты на поездки: 229 781 ₸. Оценимый кешбэк ≈ 9 191 ₸
46,restaurants_card,9092.65,HIGH_RESTAURANTS,Траты в ресторанах: 454 633 ₸ → выгода ≈ 9 093 ₸
46,taxi_card,6893.43,HIGH_TAXI,По такси: 229 781 ₸ → выгода ≈ 6 893 ₸
46,deposit,860.24,DEPOSIT_OPPORTUNITY,"Если положить 86 024 ₸ на депозит (12% годовых), месячная выручка ≈ 860 ₸"
46,premium_card,0.0,NO_SIGNAL,Средний баланс: 86 024 ₸ → оценка выгоды ≈ 0 ₸
46,investment_offer,0.0,LOW_BALANCE,Слишком мал баланс для инвестиционных продуктов
46,gold_offer,0.0,NO_SIGNAL,Нет трат на ювелирку
47,fx_offer,45305.92,FX_ACTIVITY,FX/переводы: 9 061 184 ₸ → потенциальная экономия на комиссиях ≈ 45 306 ₸
47,supermarket_card,26878.94,HIGH_SUPERMARKET,Траты на продукты: 895 965 ₸ → выгода ≈ 26 879 ₸
47,credit_offer,24962.83,LARGE_PAYMENTS,"Оборот: 2 496 283 ₸, средний чек: 8 321 ₸ → ожидаемая выгода от кредитного продукта ≈ 24 963 ₸"
47,travel_card,18028.49,HIGH_TRAVEL_SPEND|TAXI_PRESENT,Траты на поездки: 450 712 ₸. Оценимый кешбэк ≈ 18 028 ₸
47,restaurants_card,8830.64,HIGH_RESTAURANTS,Траты в ресторанах: 441 532 ₸ → выгода ≈ 8 831 ₸
47,taxi_card,8299.08,HIGH_TAXI,По такси: 276 636 ₸ → выгода ≈ 8 299 ₸
47,deposit,795.92,DEPOSIT_OPPORTUNITY,"Если положить 79 592 ₸ на депозит (12% годовых), месячная выручка ≈ 796 ₸"
47,premium_card,0.0,NO_SIGNAL,Средний баланс: 79 592 ₸ → оценка выгоды ≈ 0 ₸
47,investment_offer,0.0,LOW_BALANCE,Слишком мал баланс для инвестиционных продуктов
47,gold_offer,0.0,NO_SIGNAL,Нет трат на ювелирку
48,fx_offer,46398.8,FX_ACTIVITY,FX/переводы: 9 279 760 ₸ → потенциальная экономия на комиссиях ≈ 46 399 ₸
48,credit_offer,22264.65,LARGE_PAYMENTS,"Оборот: 2 226 465 ₸, средний чек: 7 422 ₸ → ожидаемая выгода от кредитного продукта ≈ 22 265 ₸"
48,supermarket_card,19952.72,HIGH_SUPERMARKET,Траты на продукты: 665 091 ₸ → выгода ≈ 19 953 ₸
48,travel_card,10849.23,HIGH_TRAVEL_SPEND|TAXI_PRESENT,Траты на поездки: 271 231 ₸. Оценимый кешбэк ≈ 10 849 ₸
48,restaurants_card,9813.27,HIGH_RESTAURANTS,Траты в ресторанах: 490 664 ₸ → выгода ≈ 9 813 ₸
48,taxi_card,8136.93,HIGH_TAXI,По такси: 271 231 ₸ → выгода ≈ 8 137 ₸
48,deposit,822.14,DEPOSIT_OPPORTUNITY,"Если положить 82 214 ₸ на депозит (12% годовых), месячная выручка ≈ 822 ₸"
48,premium_card,0.0,NO_SIGNAL,Средний баланс: 82 214 ₸ → оценка выгоды ≈ 0 ₸
48,investment_offer,0.0,LOW_BALANCE,Слишком мал баланс для инвестиционных продуктов
48,gold_offer,0.0,NO_SIGNAL,Нет трат на ювелирку
49,fx_offer,59226.71,FX_ACTIVITY,FX/переводы: 11 845 343 ₸ → потенциальная экономия на комиссиях ≈ 59 227 ₸
49,credit_offer,27223.36,LARGE_PAYMENTS,"Оборот: 2 722 336 ₸, средний чек: 9 074 ₸ → ожидаемая выгода от кредитного продукта ≈ 27 223 ₸"
49,supermarket_card,23845.26,HIGH_SUPERMARKET,Траты на продукты: 794 842 ₸ → выгода ≈ 23 845 ₸
49,travel_card,20000.0,HIGH_TRAVEL_SPEND|TAXI_PRESENT,Траты на поездки: 619 066 ₸. Оценимый кешбэк ≈ 20 000 ₸
49,deposit,14107.59,DEPOSIT_OPPORTUNITY,"Если положить 1 410 759 ₸ на депозит (12% годовых), месячная выручка ≈ 14 108 ₸"
49,restaurants_card,12075.85,HIGH_RESTAURANTS,Траты в ресторанах: 603 792 ₸ → выгода ≈ 12 076 ₸
49,taxi_card,7664.95,HIGH_TAXI,По такси: 255 498 ₸ → выгода ≈ 7 665 ₸
49,investment_offer,3526.9,INVEST_OPPORTUNITY,Средний баланс: 1 410 759 ₸ → месячная оценочная доходность инвестиций ≈ 3 527 ₸
49,premium_card,3410.76,HIGH_BALANCE,Средний баланс: 1 410 759 ₸ → оценка выгоды ≈ 3 411 ₸
49,gold_offer,0.0,NO_SIGNAL,Нет трат на ювелирку
50,fx_offer,60776.93,FX_ACTIVITY,FX/переводы: 12 155 386 ₸ → потенциальная экономия на комиссиях ≈ 60 777 ₸
50,deposit,35736.97,DEPOSIT_OPPORTUNITY,"Если положить 3 573 697 ₸ на депозит (12% годовых), месячная выручка ≈ 35 737 ₸"
50,credit_offer,30212.38,LARGE_PAYMENTS,"Оборот: 3 021 238 ₸, средний чек: 10 071 ₸ → ожидаемая выгода от кредитного продукта ≈ 30 212 ₸"
50,supermarket_card,25979.91,HIGH_SUPERMARKET,Траты на продукты: 865 997 ₸ → выгода ≈ 25 980 ₸
50,restaurants_card,19229.29,HIGH_RESTAURANTS,Траты в ресторанах: 961 465 ₸ → выгода ≈ 19 229 ₸
50,travel_card,14025.71,HIGH_TRAVEL_SPEND|TAXI_PRESENT,Траты на поездки: 350 643 ₸. Оценимый кешбэк ≈ 14 026 ₸
50,taxi_card,10519.28,HIGH_TAXI,По такси: 350 643 ₸ → выгода ≈ 10 519 ₸
50,investment_offer,8934.24,INVEST_OPPORTUNITY,Средний баланс: 3 573 697 ₸ → месячная оценочная доходность инвестиций ≈ 8 934 ₸
50,premium_card,5573.7,HIGH_BALANCE,Средний баланс: 3 573 697 ₸ → оценка выгоды ≈ 5 574 ₸
50,gold_offer,0.0,NO_SIGNAL,Нет трат на ювелирку
51,fx_offer,63863.05,FX_ACTIVITY,FX/переводы: 12 772 610 ₸ → потенциальная экономия на комиссиях ≈ 63 863 ₸
51,credit_offer,23049.69,LARGE_PAYMENTS,"Оборот: 2 304 969 ₸, средний чек: 7 683 ₸ → ожидаемая выгода от кредитного продукта ≈ 23 050 ₸"
51,supermarket_card,21432.24,HIGH_SUPERMARKET,Траты на продукты: 714 408 ₸ → выгода ≈ 21 432 ₸
51,deposit,14290.27,DEPOSIT_OPPORTUNITY,"Если положить 1 429 027 ₸ на депозит (12% годовых), месячная выручка ≈ 14 290 ₸"
51,travel_card,9702.03,HIGH_TRAVEL_SPEND|TAXI_PRESENT,Траты на поездки: 242 551 ₸. Оценимый кешбэк ≈ 9 702 ₸
51,restaurants_card,8555.72,HIGH_RESTAURANTS,Траты в ресторанах: 427 786 ₸ → выгода ≈ 8 556 ₸
51,taxi_card,7276.52,HIGH_TAXI,По такси: 242 551 ₸ → выгода ≈ 7 277 ₸
51,investment_offer,3572.57,INVEST_OPPORTUNITY,Средний баланс: 1 429 027 ₸ → месячная оценочная доходность инвестиций ≈ 3 573 ₸
51,premium_card,3429.03,HIGH_BALANCE,Средний баланс: 1 429 027 ₸ → оценка выгоды ≈ 3 429 ₸
51,gold_offer,0.0,NO_SIGNAL,Нет трат на ювелирку
52,fx_offer,64217.55,FX_ACTIVITY,FX/переводы: 12 843 509 ₸ → потенциальная экономия на комиссиях ≈ 64 218 ₸
52,deposit,34187.09,DEPOSIT_OPPORTUNITY,"Если положить 3 418 709 ₸ на депозит (12% годовых), месячная выручка ≈ 34 187 ₸"
52,credit_offer,28730.28,LARGE_PAYMENTS,"Оборот: 2 873 028 ₸, средний чек: 9 577 ₸ → ожидаемая выгода от кредитного продукта ≈ 28 730 ₸"
52,supermarket_card,25432.33,HIGH_SUPERMARKET,Траты на продукты: 847 744 ₸ → выгода ≈ 25 432 ₸
52,restaurants_card,18811.5,HIGH_RESTAURANTS,Траты в ресторанах: 940 575 ₸ → выгода ≈ 18 812 ₸
52,travel_card,17224.17,HIGH_TRAVEL_SPEND|TAXI_PRESENT,Траты на поездки: 430 604 ₸. Оценимый кешбэк ≈ 17 224 ₸
52,taxi_card,12918.13,HIGH_TAXI,По такси: 430 604 ₸ → выгода ≈ 12 918 ₸
52,investment_offer,8546.77,INVEST_OPPORTUNITY,Средний баланс: 3 418 709 ₸ → месячная оценочная доходность инвестиций ≈ 8 547 ₸
52,premium_card,5418.71,HIGH_BALANCE,Средний баланс: 3 418 709 ₸ → оценка выгоды ≈ 5 419 ₸
52,gold_offer,0.0,NO_SIGNAL,Нет трат на ювелирку
53,fx_offer,53088.78,FX_ACTIVITY,FX/переводы: 10 617 757 ₸ → потенциальная экономия на комиссиях ≈ 53 089 ₸
53,credit_offer,22918.18,LARGE_PAYMENTS,"Оборот: 2 291 818 ₸, средний чек: 7 639 ₸ → ожидаемая выгода от кредитного продукта ≈ 22 918 ₸"
53,supermarket_card,21764.41,HIGH_SUPERMARKET,Траты на продукты: 725 480 ₸ → выгода ≈ 21 764 ₸
53,travel_card,12600.26,HIGH_TRAVEL_SPEND|TAXI_PRESENT,Траты на поездки: 315 007 ₸. Оценимый кешбэк ≈ 12 600 ₸
53,deposit,12585.84,DEPOSIT_OPPORTUNITY,"Если положить 1 258 584 ₸ на депозит (12% годовых), месячная выручка ≈ 12 586 ₸"
53,restaurants_card,11046.5,HIGH_RESTAURANTS,Траты в ресторанах: 552 325 ₸ → выгода ≈ 11 047 ₸
53,taxi_card,9450.2,HIGH_TAXI,По такси: 315 007 ₸ → выгода ≈ 9 450 ₸
53,premium_card,3258.58,HIGH_BALANCE,Средний баланс: 1 258 584 ₸ → оценка выгоды ≈ 3 259 ₸
53,investment_offer,3146.46,INVEST_OPPORTUNITY,Средний баланс: 1 258 584 ₸ → месячная оценочная доходность инвестиций ≈ 3 146 ₸
53,gold_offer,0.0,NO_SIGNAL,Нет трат на ювелирку
54,fx_offer,64743.27,FX_ACTIVITY,FX/переводы: 12 948 653 ₸ → потенциальная экономия на комиссиях ≈ 64 743 ₸
54,deposit,40832.94,DEPOSIT_OPPORTUNITY,"Если положить 4 083 294 ₸ на депозит (12% годовых), месячная выручка ≈ 40 833 ₸"
54,credit_offer,38693.93,LARGE_PAYMENTS,"Оборот: 3 869 393 ₸, средний чек: 12 898 ₸ → ожидаемая выгода от кредитного продукта ≈ 38 694 ₸"
54,supermarket_card,27106.07,HIGH_SUPERMARKET,Траты на продукты: 903 536 ₸ → выгода ≈ 27 106 ₸
54,restaurants_card,23225.11,HIGH_RESTAURANTS,Траты в ресторанах: 1 161 255 ₸ → выгода ≈ 23 225 ₸
54,travel_card,20000.0,HIGH_TRAVEL_SPEND|TAXI_PRESENT,Траты на поездки: 1 057 426 ₸. Оценимый кешбэк ≈ 20 000 ₸
54,taxi_card,10825.47,HIGH_TAXI,По такси: 360 849 ₸ → выгода ≈ 10 825 ₸
54,investment_offer,10208.23,INVEST_OPPORTUNITY,Средний баланс: 4 083 294 ₸ → месячная оценочная доходность инвестиций ≈ 10 208 ₸
54,premium_card,6083.29,HIGH_BALANCE,Средний баланс: 4 083 294 ₸ → оценка выгоды ≈ 6 083 ₸
54,gold_offer,0.0,NO_SIGNAL,Нет трат на ювелирку
55,fx_offer,83243.1,FX_ACTIVITY,FX/переводы: 16 648 620 ₸ → потенциальная экономия на комиссиях ≈ 83 243 ₸
55,deposit,35044.43,DEPOSIT_OPPORTUNITY,"Если положить 3 504 443 ₸ на депозит (12% годовых), месячная выручка ≈ 35 044 ₸"
55,credit_offer,27247.37,LARGE_PAYMENTS,"Оборот: 2 724 737 ₸, средний чек: 9 082 ₸ → ожидаемая выгода от кредитного продукта ≈ 27 247 ₸"
55,supermarket_card,25657.36,HIGH_SUPERMARKET,Траты на продукты: 855 245 ₸ → выгода ≈ 25 657 ₸
55,restaurants_card,17052.43,HIGH_RESTAURANTS,Траты в ресторанах: 852 622 ₸ → выгода ≈ 17 052 ₸
55,travel_card,12452.16,HIGH_TRAVEL_SPEND|TAXI_PRESENT,Траты на поездки: 311 304 ₸. Оценимый кешбэк ≈ 12 452 ₸
55,taxi_card,9339.12,HIGH_TAXI,По такси: 311 304 ₸ → выгода ≈ 9 339 ₸
55,investment_offer,8761.11,INVEST_OPPORTUNITY,Средний баланс: 3 504 443 ₸ → месячная оценочная доходность инвестиций ≈ 8 761 ₸
55,premium_card,5504.44,HIGH_BALANCE,Средний баланс: 3 504 443 ₸ → оценка выгоды ≈ 5 504 ₸
55,gold_offer,0.0,NO_SIGNAL,Нет трат на ювелирку
56,fx_offer,79454.36,FX_ACTIVITY,FX/переводы: 15 890 872 ₸ → потенциальная экономия на комиссиях ≈ 79 454 ₸
56,credit_offer,27386.67,LARGE_PAYMENTS,"Оборот: 2 738 667 ₸, средний чек: 9 129 ₸ → ожидаемая выгода от кредитного продукта ≈ 27 387 ₸"
56,supermarket_card,24786.44,HIGH_SUPERMARKET,Траты на продукты: 826 215 ₸ → выгода ≈ 24 786 ₸
56,travel_card,20000.0,HIGH_TRAVEL_SPEND|TAXI_PRESENT,Траты на поездки: 581 926 ₸. Оценимый кешбэк ≈ 20 000 ₸
56,restaurants_card,10822.38,HIGH_RESTAURANTS,Траты в ресторанах: 541 119 ₸ → выгода ≈ 10 822 ₸
56,taxi_card,6332.43,HIGH_TAXI,По такси: 211 081 ₸ → выгода ≈ 6 332 ₸
56,deposit,606.22,DEPOSIT_OPPORTUNITY,"Если положить 60 622 ₸ на депозит (12% годовых), месячная выручка ≈ 606 ₸"
56,premium_card,0.0,NO_SIGNAL,Средний баланс: 60 622 ₸ → оценка выгоды ≈ 0 ₸
56,investment_offer,0.0,LOW_BALANCE,Слишком мал баланс для инвестиционных продуктов
56,gold_offer,0.0,NO_SIGNAL,Нет трат на ювелирку
57,fx_offer,85201.55,FX_ACTIVITY,FX/переводы: 17 040 309 ₸ → потенциальная экономия на комиссиях ≈ 85 202 ₸
57,credit_offer,30076.64,LARGE_PAYMENTS,"Оборот: 3 007 664 ₸, средний чек: 10 026 ₸ → ожидаемая выгода от кредитного продукта ≈ 30 077 ₸"
57,deposit,27577.04,DEPOSIT_OPPORTUNITY,"Если положить 2 757 704 ₸ на депозит (12% годовых), месячная выручка ≈ 27 577 ₸"
57,supermarket_card,25400.35,HIGH_SUPERMARKET,Траты на продукты: 846 678 ₸ → выгода ≈ 25 400 ₸
57,restaurants_card,21306.98,HIGH_RESTAURANTS,Траты в ресторанах: 1 065 349 ₸ → выгода ≈ 21 307 ₸
57,travel_card,12241.4,HIGH_TRAVEL_SPEND|TAXI_PRESENT,Траты на поездки: 306 035 ₸. Оценимый кешбэк ≈ 12 241 ₸
57,taxi_card,9181.05,HIGH_TAXI,По такси: 306 035 ₸ → выгода ≈ 9 181 ₸
57,investment_offer,6894.26,INVEST_OPPORTUNITY,Средний баланс: 2 757 704 ₸ → месячная оценочная доходность инвестиций ≈ 6 894 ₸
57,premium_card,4757.7,HIGH_BALANCE,Средний баланс: 2 757 704 ₸ → оценка выгоды ≈ 4 758 ₸
57,gold_offer,0.0,NO_SIGNAL,Нет трат на ювелирку
58,fx_offer,74813.89,FX_ACTIVITY,FX/переводы: 14 962 778 ₸ → потенциальная экономия на комиссиях ≈ 74 814 ₸
58,supermarket_card,27860.66,HIGH_SUPERMARKET,Траты на продукты: 928 689 ₸ → выгода ≈ 27 861 ₸
58,credit_offer,24371.31,LARGE_PAYMENTS,"Оборот: 2 437 131 ₸, средний чек: 8 124 ₸ → ожидаемая выгода от кредитного продукта ≈ 24 371 ₸"
58,restaurants_card,8860.11,HIGH_RESTAURANTS,Траты в ресторанах: 443 006 ₸ → выгода ≈ 8 860 ₸
58,travel_card,8583.18,HIGH_TRAVEL_SPEND|TAXI_PRESENT,Траты на поездки: 214 580 ₸. Оценимый кешбэк ≈ 8 583 ₸
58,taxi_card,6437.39,HIGH_TAXI,По такси: 214 580 ₸ → выгода ≈ 6 437 ₸
58,deposit,623.35,DEPOSIT_OPPORTUNITY,"Если положить 62 335 ₸ на депозит (12% годовых), месячная выручка ≈ 623 ₸"
58,premium_card,0.0,NO_SIGNAL,Средний баланс: 62 335 ₸ → оценка выгоды ≈ 0 ₸
58,investment_offer,0.0,LOW_BALANCE,Слишком мал баланс для инвестиционных продуктов
58,gold_offer,0.0,NO_SIGNAL,Нет трат на ювелирку
59,fx_offer,78752.32,FX_ACTIVITY,FX/переводы: 15 750 464 ₸ → потенциальная экономия на комиссиях ≈ 78 752 ₸
59,deposit,44274.61,DEPOSIT_OPPORTUNITY,"Если положить 4 427 461 ₸ на депозит (12% годовых), месячная выручка ≈ 44 275 ₸"
59,credit_offer,30919.07,LARGE_PAYMENTS,"Оборот: 3 091 907 ₸, средний чек: 10 306 ₸ → ожидаемая выгода от кредитного продукта ≈ 30 919 ₸"
59,supermarket_card,30188.92,HIGH_SUPERMARKET,Траты на продукты: 1 006 297 ₸ → выгода ≈ 30 189 ₸
59,restaurants_card,18975.7,HIGH_RESTAURANTS,Траты в ресторанах: 948 785 ₸ → выгода ≈ 18 976 ₸
59,investment_offer,11068.65,INVEST_OPPORTUNITY,Средний баланс: 4 427 461 ₸ → месячная оценочная доходность инвестиций ≈ 11 069 ₸
59,travel_card,9758.34,HIGH_TRAVEL_SPEND|TAXI_PRESENT,Траты на поездки: 243 959 ₸. Оценимый кешбэк ≈ 9 758 ₸
59,taxi_card,7318.76,HIGH_TAXI,По такси: 243 959 ₸ → выгода ≈ 7 319 ₸
59,premium_card,6427.46,HIGH_BALANCE,Средний баланс: 4 427 461 ₸ → оценка выгоды ≈ 6 427 ₸
59,gold_offer,0.0,NO_SIGNAL,Нет трат на ювелирку
60,fx_offer,75795.46,FX_ACTIVITY,FX/переводы: 15 159 092 ₸ → потенциальная экономия на комиссиях ≈ 75 795 ₸
60,credit_offer,22997.82,LARGE_PAYMENTS,"Оборот: 2 299 782 ₸, средний чек: 7 666 ₸ → ожидаемая выгода от кредитного продукта ≈ 22 998 ₸"
60,supermarket_card,21405.61,HIGH_SUPERMARKET,Траты на продукты: 713 520 ₸ → выгода ≈ 21 406 ₸
60,restaurants_card,10982.81,HIGH_RESTAURANTS,Траты в ресторанах: 549 140 ₸ → выгода ≈ 10 983 ₸
60,travel_card,10269.84,HIGH_TRAVEL_SPEND|TAXI_PRESENT,Траты на поездки: 256 746 ₸. Оценимый кешбэк ≈ 10 270 ₸
60,taxi_card,7702.38,HIGH_TAXI,По такси: 256 746 ₸ → выгода ≈ 7 702 ₸
60,premium_card,0.0,NO_SIGNAL,Средний баланс: 48 779 ₸ → оценка выгоды ≈ 0 ₸
60,deposit,0.0,LOW_BALANCE,Недостаточный баланс для выгодного депозита
60,investment_offer,0.0,LOW_BALANCE,Слишком мал баланс для инвестиционных продуктов
60,gold_offer,0.0,NO_SIGNAL,Нет трат на ювелирку
